Name,Age,Gender,Grade
Mary McGee,39,Male,Grade
Milton Price,49,Male,Grade
Jeff Ruiz,43,Female,Grade
Lawrence Schmidt,18,Male,Grade
Ralph Lawrence,35,Male,Grade
Anne Alvarado,53,Female,Grade
Edith Curtis,47,Male,Grade
Frederick Gibbs,46,Female,Grade
Olivia Phelps,25,Male,Grade
Steve Davis,37,Female,Grade
Samuel Morrison,52,Male,Grade
Eunice Rhodes,40,Female,Grade
Ronald Scott,35,Male,Grade
Marie Padilla,49,Female,Grade
Anthony Myers,30,Male,Grade
Nancy Bridges,34,Male,Grade
Chase Olson,27,Female,Grade
Ian Anderson,63,Male,Grade
Carrie Hopkins,47,Female,Grade
Lillian Brooks,40,Male,Grade
Susie McKenzie,29,Male,Grade
Georgia Dunn,55,Female,Grade
Lily Burgess,51,Female,Grade
Louisa Briggs,41,Female,Grade
Brett Poole,37,Female,Grade
Erik Bass,57,Male,Grade
Matthew Lewis,21,Female,Grade
Mabel Collins,61,Female,Grade
Rhoda Wilson,34,Male,Grade
Samuel Harrison,49,Female,Grade
Rosalie Wagner,55,Female,Grade
Bradley Rodgers,56,Female,Grade
David Brock,49,Female,Grade
Nathan Figueroa,34,Female,Grade
Tony Ellis,32,Male,Grade
Chester Huff,32,Male,Grade
Larry Bradley,29,Male,Grade
Arthur Cox,43,Male,Grade
Sally Robinson,32,Male,Grade
Michael Nelson,52,Female,Grade
Kathryn Lindsey,42,Female,Grade
Jane Hampton,55,Male,Grade
Stanley Ballard,45,Male,Grade
Hattie Casey,25,Male,Grade
Dale McGuire,60,Male,Grade
Elizabeth Matthews,45,Female,Grade
Mark Andrews,44,Male,Grade
Randall Wells,44,Female,Grade
Stanley Holloway,22,Male,Grade
Bessie Quinn,23,Male,Grade
Addie Stewart,57,Female,Grade
Joseph Daniels,18,Male,Grade
Myra Ross,37,Male,Grade
Katharine Lawson,56,Male,Grade
Mae Bishop,65,Female,Grade
Herman Hale,48,Male,Grade
Ricky Martinez,55,Female,Grade
Rebecca Robbins,25,Female,Grade
Devin Atkins,53,Male,Grade
Glen Murray,27,Female,Grade
Isaiah Wood,25,Male,Grade
Lloyd Brock,34,Male,Grade
Ray Cortez,23,Female,Grade
Kenneth Willis,19,Male,Grade
Rachel Sanders,63,Male,Grade
Ina Morales,62,Female,Grade
Mario Wilkerson,31,Male,Grade
Scott McKenzie,60,Male,Grade
Myrtie Ingram,61,Female,Grade
Jeremy Webster,61,Male,Grade
Lottie Gibbs,54,Male,Grade
Eliza Williamson,50,Male,Grade
Richard McCoy,65,Male,Grade
Harold Lindsey,23,Male,Grade
Troy Ball,62,Male,Grade
Minerva Mendez,21,Male,Grade
Glen Martin,43,Female,Grade
Lily Murray,37,Female,Grade
Cecilia Graves,65,Female,Grade
Dylan Cannon,21,Male,Grade
Micheal Allen,56,Female,Grade
Florence Osborne,58,Male,Grade
Jeremy Washington,44,Male,Grade
Della Hodges,22,Female,Grade
Jean Ramirez,35,Female,Grade
Isaiah Gray,36,Male,Grade
Pearl Higgins,52,Female,Grade
Mitchell Figueroa,65,Male,Grade
Carl Tyler,39,Male,Grade
Florence Gomez,33,Female,Grade
Edward Moreno,62,Male,Grade
Ivan Ramsey,29,Male,Grade
Jeremy Rodgers,37,Female,Grade
Linnie Shelton,26,Female,Grade
Alejandro Hawkins,29,Female,Grade
Harriett Bowers,25,Male,Grade
Seth Tran,36,Female,Grade
Alan Wright,48,Female,Grade
Jacob Gordon,34,Female,Grade
Hunter Valdez,40,Male,Grade
